Kota/Kabupaten,total_pembayaran,order_count,avg_shipping_cost,wilayah_clean,KODE_KK,KODE_PROV,KAB_KOTA,PROVINSI,FID,lat,lon
KAB. ACEH BARAT,216706.0,7,33428.57142857143,aceh barat,11.05,11,Aceh Barat,Aceh,11.05,4.454467876803632,96.1808791199673
KAB. ACEH BARAT DAYA,87190.0,1,48500.0,aceh barat daya,11.12,11,Aceh Barat Daya,Aceh,11.12,3.8226302105717513,96.88029471945683
KAB. ACEH BESAR,0.0,1,50500.0,aceh besar,11.06,11,Aceh Besar,Aceh,11.06,5.380104502982926,95.5151682003349
KAB. ACEH JAYA,321828.0,2,63750.0,aceh jaya,11.14,11,Aceh Jaya,Aceh,11.14,4.832424749549185,95.67808932280758
KAB. ACEH SELATAN,192070.0,3,48500.0,aceh selatan,11.01,11,Aceh Selatan,Aceh,11.01,3.161853840916761,97.4365177186484
KAB. ACEH SINGKIL,32000.0,2,22000.0,aceh singkil,11.10,11,Aceh Singkil,Aceh,11.10,2.3479697391580054,97.84505654578058
KAB. ACEH TAMIANG,95000.0,4,31375.0,aceh tamiang,11.16,11,Aceh Tamiang,Aceh,11.16,4.224494150594019,97.98299311718927
KAB. ACEH TENGAH,377028.0,12,30958.333333333332,aceh tengah,11.04,11,Aceh Tengah,Aceh,11.04,4.5198880806565,96.88130519691241
KAB. ACEH TIMUR,169387.0,7,31428.571428571428,aceh timur,11.03,11,Aceh Timur,Aceh,11.03,4.630440507199897,97.6260853797401
KAB. ACEH UTARA,279097.0,8,27000.0,aceh utara,11.08,11,Aceh Utara,Aceh,11.08,5.015647182759456,97.18189663494238
KAB. AGAM,125697.0,7,34628.57142857143,agam,13.06,13,Agam,Sumatera Barat,13.06,-0.2518796574494058,100.17088358942847
KAB. ASAHAN,866392.0,12,33708.166666666664,asahan,12.09,12,Asahan,Sumatera Utara,12.09,2.8049256994625846,99.5593602703242
KAB. BADUNG,2949963.0,30,38943.36666666667,badung,51.03,51,Badung,Bali,51.03,-8.582846789383316,115.18838021914159
KAB. BANDUNG,23044232.0,453,13024.072847682119,bandung,32.04,32,Bandung,Jawa Barat,32.04,-7.0975880233324755,107.60872729833476
KAB. BANDUNG,23044232.0,453,13024.072847682119,bandung,32.73,32,Kota Bandung,Jawa Barat,32.73,-6.919241381152638,107.63660062704719
KAB. BANDUNG BARAT,4252291.0,175,11646.857142857143,bandung barat,32.17,32,Bandung Barat,Jawa Barat,32.17,-6.890437540752318,107.41498197506084
KAB. BANGGAI,251300.0,3,61533.333333333336,banggai,72.01,72,Banggai,Sulawesi Tengah,72.01,-1.018481100795288,122.5883093237611
KAB. BANGGAI LAUT,46997.0,1,14000.0,banggai laut,72.11,72,Banggai Laut,Sulawesi Tengah,72.11,-1.7801157389912847,123.52946569414917
KAB. BANGKA,704185.0,15,35353.333333333336,bangka,19.01,19,Bangka,Kepulauan Bangka Belitung,19.01,-1.9042799441305627,105.91963403681478
KAB. BANGKA BARAT,700913.0,14,34973.5,bangka barat,19.05,19,Bangka Barat,Kepulauan Bangka Belitung,19.05,-1.8892112371446783,105.48762896661377
KAB. BANGKA SELATAN,253482.0,8,31500.0,bangka selatan,19.03,19,Bangka Selatan,Kepulauan Bangka Belitung,19.03,-2.7786065042676267,106.3491438610461
KAB. BANGKA TENGAH,435674.0,8,36112.5,bangka tengah,19.04,19,Bangka Tengah,Kepulauan Bangka Belitung,19.04,-2.432425847059166,106.2339104367252
KAB. BANGKALAN,5760564.0,64,28825.0,bangkalan,35.26,35,Bangkalan,Jawa Timur,35.26,-7.0443361592177824,112.9295363838128
KAB. BANGLI,501220.0,5,52300.0,bangli,51.06,51,Bangli,Bali,51.06,-8.293123651647305,115.34729260144327
KAB. BANJAR,1117224.0,19,40815.78947368421,banjar,32.79,32,Kota Banjar,Jawa Barat,32.79,-7.376988749932354,108.56720461752244
KAB. BANJAR,1117224.0,19,40815.78947368421,banjar,63.03,63,Banjar,Kalimantan Selatan,63.03,-3.320489160814727,115.07991110673105
KAB. BANJARNEGARA,993231.0,43,12874.418604651162,banjarnegara,33.04,33,Banjarnegara,Jawa Tengah,33.04,-7.351327102055196,109.65705151500767
KAB. BANTAENG,367190.0,8,38537.5,bantaeng,73.03,73,Bantaeng,Sulawesi Selatan,73.03,-5.490181034355378,119.98736459323274
KAB. BANTUL,1758511.0,57,13587.719298245614,bantul,34.02,34,Bantul,Daerah Istimewa Yogyakarta,34.02,-7.901333454954115,110.35488149436597
KAB. BANYUASIN,1060356.0,25,25208.0,banyuasin,16.07,16,Banyuasin,Sumatera Selatan,16.07,-2.5193622000148803,104.68740001658381
KAB. BANYUMAS,26101569.0,78,40989.743589743586,banyumas,33.02,33,Banyumas,Jawa Tengah,33.02,-7.4555085796821885,109.17578818104677
KAB. BANYUWANGI,2992126.0,62,16061.290322580646,banyuwangi,35.10,35,Banyuwangi,Jawa Timur,35.10,-8.364660045335807,114.20589727359616
KAB. BARITO KUALA,226060.0,4,28250.0,barito kuala,63.04,63,Barito Kuala,Kalimantan Selatan,63.04,-3.0912037800028274,114.63022057501087
KAB. BARITO SELATAN,179736.0,2,57450.0,barito selatan,62.04,62,Barito Selatan,Kalimantan Tengah,62.04,-1.7743280088066156,114.91107759090265
KAB. BARITO TIMUR,80252.0,2,25650.0,barito timur,62.13,62,Barito Timur,Kalimantan Tengah,62.13,-1.9823283309381259,115.14395498148438
KAB. BARITO UTARA,213390.0,5,42780.0,barito utara,62.05,62,Barito Utara,Kalimantan Tengah,62.05,-0.9283801974152907,115.13762095228356
KAB. BARRU,270424.0,6,36166.666666666664,barru,73.11,73,Barru,Sulawesi Selatan,73.11,-4.4399957472948515,119.69484668456472
KAB. BATANG,1913634.0,31,14387.09677419355,batang,33.25,33,Batang,Jawa Tengah,33.25,-7.021001563451219,109.8615930813494
KAB. BATU BARA,87372.0,2,26650.0,batu bara,12.19,12,Batu Bara,Sumatera Utara,12.19,3.235249406950666,99.47255916289365
KAB. BEKASI,21407242.0,756,9421.604497354498,bekasi,32.16,32,Bekasi,Jawa Barat,32.16,-6.219747307682568,107.12171204227535
KAB. BEKASI,21407242.0,756,9421.604497354498,bekasi,32.75,32,Kota Bekasi,Jawa Barat,32.75,-6.280833552766811,106.97536610721495
KAB. BELITUNG,1187474.0,19,39989.47368421053,belitung,19.02,19,Belitung,Kepulauan Bangka Belitung,19.02,-2.8675973082179147,107.71018081703328
KAB. BELITUNG TIMUR,226992.0,5,33900.0,belitung timur,19.06,19,Belitung Timur,Kepulauan Bangka Belitung,19.06,-2.908459130776851,108.04817900105442
KAB. BENER MERIAH,35400.0,3,30400.0,bener meriah,11.17,11,Bener Meriah,Aceh,11.17,4.770053737528966,97.00411795378746
KAB. BENGKALIS,778743.0,22,40627.318181818184,bengkalis,14.03,14,Bengkalis,Riau,14.03,1.4119064602392088,101.64286133086598
KAB. BENGKAYANG,287282.0,8,46887.5,bengkayang,61.07,61,Bengkayang,Kalimantan Barat,61.07,1.0119529327336794,109.57839986716704
KAB. BENGKULU SELATAN,145625.0,5,17900.0,bengkulu selatan,17.01,17,Bengkulu Selatan,Bengkulu,17.01,-4.348397241799775,103.02116098778819
KAB. BENGKULU TENGAH,30800.0,1,12900.0,bengkulu tengah,17.09,17,Bengkulu Tengah,Bengkulu,17.09,-3.6852212484574807,102.40435657069702
KAB. BENGKULU UTARA,833247.0,13,30838.53846153846,bengkulu utara,17.03,17,Bengkulu Utara,Bengkulu,17.03,-3.418828362061289,102.00188239850586
KAB. BERAU,610064.0,9,70344.44444444444,berau,64.03,64,Berau,Kalimantan Timur,64.03,1.912495108016287,117.340172809786
KAB. BIMA,269883.0,5,35880.0,bima,52.06,52,Bima,Nusa Tenggara Barat,52.06,-8.474806634586558,118.61901683996795
KAB. BIMA,269883.0,5,35880.0,bima,52.72,52,Kota Bima,Nusa Tenggara Barat,52.72,-8.454868239311509,118.78210646267961
KAB. BINTAN,0.0,1,45100.0,bintan,21.01,21,Bintan,Kepulauan Riau,21.01,1.0076251973672685,104.70381106177761
KAB. BIREUEN,111175.0,6,27916.666666666668,bireuen,11.11,11,Bireuen,Aceh,11.11,5.093825519125926,96.60703509738832
KAB. BLITAR,1470859.0,43,14583.720930232557,blitar,35.05,35,Blitar,Jawa Timur,35.05,-8.131013589049383,112.23721629241231
KAB. BLITAR,1470859.0,43,14583.720930232557,blitar,35.72,35,Kota Blitar,Jawa Timur,35.72,-8.094766733588562,112.16697121030957
KAB. BLORA,1826138.0,24,18845.833333333332,blora,33.16,33,Blora,Jawa Tengah,33.16,-7.074438334030851,111.38743501290968
KAB. BOALEMO,34499.0,2,13000.0,boalemo,75.02,75,Boalemo,Gorontalo,75.02,0.6529067801603299,122.32708525080768
KAB. BOGOR,54563790.0,1117,10252.762757385855,bogor,32.71,32,Kota Bogor,Jawa Barat,32.71,-6.593489394559189,106.79935624589578
KAB. BOGOR,54563790.0,1117,10252.762757385855,bogor,32.01,32,Bogor,Jawa Barat,32.01,-6.559797485177805,106.76704664807382
KAB. BOJONEGORO,1425491.0,37,18237.837837837837,bojonegoro,35.22,35,Bojonegoro,Jawa Timur,35.22,-7.255575904187288,111.80986997599292
KAB. BOLAANG MONGONDOW SELATAN,72500.0,2,60250.0,bolaang mongondow selatan,71.11,71,Bolaang Mongondow Selatan,Sulawesi Utara,71.11,0.44430205507640574,123.93249738536541
KAB. BOLAANG MONGONDOW UTARA,0.0,2,63750.0,bolaang mongondow utara,71.08,71,Bolaang Mongondow Utara,Sulawesi Utara,71.08,0.7676355284440584,123.47647751427522
KAB. BOMBANA,175160.0,1,82500.0,bombana,74.06,74,Bombana,Sulawesi Tenggara,74.06,-4.800873597712238,121.85239830645577
KAB. BONDOWOSO,632685.0,19,16052.631578947368,bondowoso,35.11,35,Bondowoso,Jawa Timur,35.11,-7.943685821862881,113.94769821165173
KAB. BONE,826514.0,18,46177.77777777778,bone,73.08,73,Bone,Sulawesi Selatan,73.08,-4.694991058871681,120.13004773201281
KAB. BONE BOLANGO,442065.0,9,62400.0,bone bolango,75.03,75,Bone Bolango,Gorontalo,75.03,0.5323677826400077,123.29231311944123
KAB. BOYOLALI,1775704.0,27,16100.0,boyolali,33.09,33,Boyolali,Jawa Tengah,33.09,-7.416522443474168,110.65249878357052
KAB. BREBES,3003206.0,77,14033.766233766233,brebes,33.29,33,Brebes,Jawa Tengah,33.29,-7.062772051177144,108.9295264813003
KAB. BULELENG,1007615.0,20,33715.0,buleleng,51.08,51,Buleleng,Bali,51.08,-8.200953233757712,114.96090883725358
KAB. BULUKUMBA,538719.0,14,43278.57142857143,bulukumba,73.02,73,Bulukumba,Sulawesi Selatan,73.02,-5.431450402414011,120.23432620358827
KAB. BUNGO,808595.0,20,34090.0,bungo,15.08,15,Bungo,Jambi,15.08,-1.5915799676315296,101.92711314159662
KAB. BUOL,381586.0,4,64350.0,buol,72.05,72,Buol,Sulawesi Tengah,72.05,0.9788792732951607,121.38845045787284
KAB. CIAMIS,1810582.0,61,15073.754098360656,ciamis,32.07,32,Ciamis,Jawa Barat,32.07,-7.290249924239066,108.4286452356923
KAB. CIANJUR,3439977.0,107,12755.140186915887,cianjur,32.03,32,Cianjur,Jawa Barat,32.03,-7.130889287640548,107.15920189007396
KAB. CILACAP,5450298.0,90,18118.88888888889,cilacap,33.01,33,Cilacap,Jawa Tengah,33.01,-7.488927289661374,108.88983867506934
KAB. CIREBON,3565114.0,118,12421.186440677966,cirebon,32.74,32,Kota Cirebon,Jawa Barat,32.74,-6.741718862608382,108.55330571917212
KAB. CIREBON,3565114.0,118,12421.186440677966,cirebon,32.09,32,Cirebon,Jawa Barat,32.09,-6.746221280645243,108.55215665975352
KAB. DAIRI,89000.0,5,28100.0,dairi,12.11,12,Dairi,Sumatera Utara,12.11,2.84050704393419,98.27921338418693
KAB. DELI SERDANG,4051066.0,27,45951.851851851854,deli serdang,12.07,12,Deli Serdang,Sumatera Utara,12.07,3.4803374772942335,98.69483263066925
KAB. DEMAK,957819.0,43,15081.39534883721,demak,33.21,33,Demak,Jawa Tengah,33.21,-6.910774098266779,110.63400470824774
KAB. DHARMASRAYA,880938.0,14,35500.07142857143,dharmasraya,13.10,13,Dharmasraya,Sumatera Barat,13.10,-1.1312305916722876,101.55722214345168
KAB. DOMPU,131440.0,6,39600.0,dompu,52.05,52,Dompu,Nusa Tenggara Barat,52.05,-8.472224492895634,118.21686473283746
KAB. EMPAT LAWANG,57000.0,2,25350.0,empat lawang,16.11,16,Empat Lawang,Sumatera Selatan,16.11,-3.7514890106874383,102.94800046283338
KAB. ENDE,72656.0,1,63900.0,ende,53.08,53,Ende,Nusa Tenggara Timur,53.08,-8.676358558597316,121.73543853444535
KAB. ENREKANG,92580.0,4,38000.0,enrekang,73.16,73,Enrekang,Sulawesi Selatan,73.16,-3.503854367519297,119.87457716350454
KAB. GARUT,3605846.0,144,14400.0,garut,32.05,32,Garut,Jawa Barat,32.05,-7.359447415168939,107.78793765040881
KAB. GAYO LUES,18999.0,1,22000.0,gayo lues,11.13,11,Gayo Lues,Aceh,11.13,3.982693635027864,97.3600863628459
KAB. GIANYAR,880140.0,11,31690.909090909092,gianyar,51.04,51,Gianyar,Bali,51.04,-8.480973213465129,115.28748508459638
KAB. GORONTALO,771254.0,20,39070.0,gorontalo,75.01,75,Gorontalo,Gorontalo,75.01,0.692899344663683,122.71251784120766
KAB. GORONTALO,771254.0,20,39070.0,gorontalo,75.71,75,Kota Gorontalo,Gorontalo,75.71,0.5384085410485823,123.05530113287764
KAB. GORONTALO UTARA,128000.0,1,103000.0,gorontalo utara,75.05,75,Gorontalo Utara,Gorontalo,75.05,0.8855708707330001,122.66454589554688
KAB. GOWA,252280.0,4,48275.0,gowa,73.06,73,Gowa,Sulawesi Selatan,73.06,-5.30890445456153,119.71872022683047
KAB. GRESIK,21825566.0,63,32974.60317460317,gresik,35.25,35,Gresik,Jawa Timur,35.25,-6.926256532379119,112.55864603415674
KAB. GROBOGAN,730182.0,21,13357.142857142857,grobogan,33.15,33,Grobogan,Jawa Tengah,33.15,-7.117636869063814,110.9271776600075
KAB. HALMAHERA TENGAH,0.0,1,112500.0,halmahera tengah,82.02,82,Halmahera Tengah,Maluku Utara,82.02,0.4018697383627932,128.29530738769515
KAB. HALMAHERA TIMUR,166240.0,1,110000.0,halmahera timur,82.06,82,Halmahera Timur,Maluku Utara,82.06,1.0294778424119895,128.30863629503943
KAB. HULU SUNGAI SELATAN,174725.0,4,47100.25,hulu sungai selatan,63.06,63,Hulu Sungai Selatan,Kalimantan Selatan,63.06,-2.7292167628214576,115.20550739190587
KAB. HULU SUNGAI TENGAH,475500.0,8,31500.0,hulu sungai tengah,63.07,63,Hulu Sungai Tengah,Kalimantan Selatan,63.07,-2.6093699170346696,115.47865770823132
KAB. HULU SUNGAI UTARA,180840.0,3,30666.666666666668,hulu sungai utara,63.08,63,Hulu Sungai Utara,Kalimantan Selatan,63.08,-2.4392620353529773,115.15127089151474
KAB. HUMBANG HASUNDUTAN,93818.0,4,28000.0,humbang hasundutan,12.16,12,Humbang Hasundutan,Sumatera Utara,12.16,2.2611646489918096,98.57771266101689
KAB. INDRAGIRI HILIR,1858101.0,36,34416.666666666664,indragiri hilir,14.04,14,Indragiri Hilir,Riau,14.04,-0.23344038798239397,103.16381105606116
KAB. INDRAGIRI HULU,351780.0,11,28200.0,indragiri hulu,14.02,14,Indragiri Hulu,Riau,14.02,-0.5414319419170658,102.33188541796656
KAB. INDRAMAYU,4305052.0,115,13210.434782608696,indramayu,32.12,32,Indramayu,Jawa Barat,32.12,-6.447487543500628,108.16902667211414
KAB. JAYAWIJAYA,165000.0,1,115000.0,jayawijaya,91.02,91,Jayawijaya,Papua Pegunungan,91.02,-4.093457440434582,138.8667623518055
KAB. JEMBER,2422289.0,70,13957.142857142857,jember,35.09,35,Jember,Jawa Timur,35.09,-8.235136386877537,113.65595199685843
KAB. JEMBRANA,532227.0,15,34633.333333333336,jembrana,51.01,51,Jembrana,Bali,51.01,-8.313122688039869,114.68288681225219
KAB. JENEPONTO,23000.0,2,50250.0,jeneponto,73.04,73,Jeneponto,Sulawesi Selatan,73.04,-5.567027149905216,119.6988799492488
KAB. JEPARA,5007868.0,57,20394.736842105263,jepara,33.20,33,Jepara,Jawa Tengah,33.20,-6.549003458965627,110.76812946108183
KAB. JOMBANG,866701.0,29,15603.448275862069,jombang,35.17,35,Jombang,Jawa Timur,35.17,-7.5446348897217845,112.2640849775733
KAB. KAMPAR,1224107.0,26,36637.96153846154,kampar,14.01,14,Kampar,Riau,14.01,0.3213944832892549,101.06575454365561
KAB. KAPUAS,252108.0,8,44087.5,kapuas,62.03,62,Kapuas,Kalimantan Tengah,62.03,-1.7633755450527826,114.3027283555538
KAB. KAPUAS HULU,329773.0,7,45514.28571428572,kapuas hulu,61.06,61,Kapuas Hulu,Kalimantan Barat,61.06,0.8256013629526517,112.803550384562
KAB. KARANGANYAR,1785784.0,19,21057.894736842107,karanganyar,33.13,33,Karanganyar,Jawa Tengah,33.13,-7.61414203614716,111.0192467571834
KAB. KARANGASEM,199650.0,6,34083.333333333336,karangasem,51.07,51,Karangasem,Bali,51.07,-8.374266195349913,115.52989196240102
KAB. KARAWANG,15099450.0,410,11241.985365853658,karawang,32.15,32,Karawang,Jawa Barat,32.15,-6.252282718291983,107.35429211538856
KAB. KARIMUN,295469.0,7,37714.28571428572,karimun,21.02,21,Karimun,Kepulauan Riau,21.02,0.8255340471954827,103.53107348423735
KAB. KARO,97800.0,2,47950.0,karo,12.06,12,Karo,Sumatera Utara,12.06,3.1184351053883574,98.30135635169061
KAB. KATINGAN,349194.0,4,52025.0,katingan,62.06,62,Katingan,Kalimantan Tengah,62.06,-1.6858743276039967,113.07082915072586
KAB. KAUR,759398.0,6,39466.666666666664,kaur,17.04,17,Kaur,Bengkulu,17.04,-4.61113829692257,103.41232466184304
KAB. KAYONG UTARA,345718.0,5,32980.0,kayong utara,61.11,61,Kayong Utara,Kalimantan Barat,61.11,-1.104431734481202,109.87536018917464
KAB. KEBUMEN,4216211.0,54,21625.925925925927,kebumen,33.05,33,Kebumen,Jawa Tengah,33.05,-7.654964269918221,109.61735310996292
KAB. KEDIRI,2320924.0,50,16506.0,kediri,35.06,35,Kediri,Jawa Timur,35.06,-7.828693403692295,112.08922074796372
KAB. KEDIRI,2320924.0,50,16506.0,kediri,35.71,35,Kota Kediri,Jawa Timur,35.71,-7.826370090119876,112.01612339930358
KAB. KENDAL,2507564.0,40,16132.5,kendal,33.24,33,Kendal,Jawa Tengah,33.24,-7.038694558171205,110.15733769393778
KAB. KEPAHIANG,98560.0,3,21633.333333333332,kepahiang,17.08,17,Kepahiang,Bengkulu,17.08,-3.6289348292591685,102.64445099754032
KAB. KEPULAUAN ANAMBAS,350536.0,7,46571.42857142857,kepulauan anambas,21.05,21,Kepulauan Anambas,Kepulauan Riau,21.05,3.087638768309997,106.06455055407247
KAB. KEPULAUAN MENTAWAI,136538.0,3,42300.0,kepulauan mentawai,13.09,13,Kepulauan Mentawai,Sumatera Barat,13.09,-1.8490641165196628,99.33662594810777
KAB. KEPULAUAN MERANTI,142145.0,5,21460.0,kepulauan meranti,14.10,14,Kepulauan Meranti,Riau,14.10,1.003260429872542,102.64933988384794
KAB. KEPULAUAN TALAUD,166380.0,5,44800.0,kepulauan talaud,71.04,71,Kepulauan Talaud,Sulawesi Utara,71.04,4.225723242104328,126.78107586641285
KAB. KERINCI,848806.0,13,48707.692307692305,kerinci,15.01,15,Kerinci,Jambi,15.01,-2.032316650844068,101.4653245444441
KAB. KETAPANG,1614704.0,32,42734.375,ketapang,61.04,61,Ketapang,Kalimantan Barat,61.04,-1.6329362773457177,110.60543693030492
KAB. KLATEN,1448155.0,30,17800.0,klaten,33.10,33,Klaten,Jawa Tengah,33.10,-7.6858181058144455,110.61945204176747
KAB. KLUNGKUNG,701600.0,4,61875.0,klungkung,51.05,51,Klungkung,Bali,51.05,-8.666950263820295,115.49365804129053
KAB. KOLAKA,28000.0,1,51500.0,kolaka,74.01,74,Kolaka,Sulawesi Tenggara,74.01,-4.074509271771482,121.52199096111947
KAB. KOLAKA TIMUR,88897.0,1,55400.0,kolaka timur,74.11,74,Kolaka Timur,Sulawesi Tenggara,74.11,-3.795460680574005,121.60859193728038
KAB. KOLAKA UTARA,844632.0,5,84200.0,kolaka utara,74.08,74,Kolaka Utara,Sulawesi Tenggara,74.08,-3.2627120717607503,121.1340466146861
KAB. KONAWE SELATAN,307456.0,3,75333.33333333333,konawe selatan,74.05,74,Konawe Selatan,Sulawesi Tenggara,74.05,-4.26272778465698,122.42330975474528
KAB. KONAWE UTARA,114348.0,1,51500.0,konawe utara,74.09,74,Konawe Utara,Sulawesi Tenggara,74.09,-3.390696798119567,122.03045499886026
KAB. KUANTAN SINGINGI,923354.0,21,47109.52380952381,kuantan singingi,14.09,14,Kuantan Singingi,Riau,14.09,-0.4741700181821832,101.50591623034994
KAB. KUBU RAYA,2093052.0,32,35050.0,kubu raya,61.12,61,Kubu Raya,Kalimantan Barat,61.12,-0.39182681946424386,109.54037439507948
KAB. KUDUS,917995.0,29,15600.0,kudus,33.19,33,Kudus,Jawa Tengah,33.19,-6.7902612565148575,110.86990720123065
KAB. KULON PROGO,538359.0,16,12968.75,kulon progo,34.01,34,Kulon Progo,Daerah Istimewa Yogyakarta,34.01,-7.818708973173409,110.1671145295695
KAB. KUNINGAN,3071344.0,53,15054.716981132075,kuningan,32.08,32,Kuningan,Jawa Barat,32.08,-7.003379280987916,108.55981098532962
KAB. KUTAI BARAT,326856.0,7,58657.142857142855,kutai barat,64.07,64,Kutai Barat,Kalimantan Timur,64.07,-0.5033170601013623,115.82609813798088
KAB. KUTAI KARTANEGARA,1110149.0,21,51380.95238095238,kutai kartanegara,64.02,64,Kutai Kartanegara,Kalimantan Timur,64.02,0.10796263801264086,116.48011669864212
KAB. KUTAI TIMUR,892177.0,9,56244.444444444445,kutai timur,64.08,64,Kutai Timur,Kalimantan Timur,64.08,0.9898708017580123,117.1291534270194
KAB. LAHAT,817316.0,15,37646.666666666664,lahat,16.04,16,Lahat,Sumatera Selatan,16.04,-3.8288234056751396,103.3789490909419
KAB. LAMANDAU,334243.0,6,38358.166666666664,lamandau,62.09,62,Lamandau,Kalimantan Tengah,62.09,-1.7713846570001546,111.41784811878347
KAB. LAMONGAN,2067322.0,53,15916.981132075472,lamongan,35.24,35,Lamongan,Jawa Timur,35.24,-7.131410515007469,112.30074592146879
KAB. LAMPUNG BARAT,532281.0,16,23950.0,lampung barat,18.04,18,Lampung Barat,Lampung,18.04,-5.050568922751482,104.25297643788693
KAB. LAMPUNG SELATAN,1969926.0,31,54116.12903225807,lampung selatan,18.01,18,Lampung Selatan,Lampung,18.01,-5.529926934042058,105.50120014048665
KAB. LAMPUNG TENGAH,1496759.0,43,25016.302325581397,lampung tengah,18.02,18,Lampung Tengah,Lampung,18.02,-4.856302768849013,105.27207782065872
KAB. LAMPUNG TIMUR,2002772.0,50,27615.46,lampung timur,18.07,18,Lampung Timur,Lampung,18.07,-5.13133389225504,105.6489894799606
KAB. LAMPUNG UTARA,988880.0,19,25884.21052631579,lampung utara,18.03,18,Lampung Utara,Lampung,18.03,-4.796778717693114,104.80737472771854
KAB. LANDAK,169688.0,5,30520.0,landak,61.08,61,Landak,Kalimantan Barat,61.08,0.5076819153061877,109.76407733027928
KAB. LANGKAT,685817.0,22,34995.454545454544,langkat,12.05,12,Langkat,Sumatera Utara,12.05,3.7087596198252397,98.22366988265378
KAB. LEBAK,3573561.0,102,11155.882352941177,lebak,36.02,36,Lebak,Banten,36.02,-6.642020122845473,106.21242248188473
KAB. LEBONG,405598.0,10,21760.0,lebong,17.07,17,Lebong,Bengkulu,17.07,-3.090007244156955,102.24781865860447
KAB. LINGGA,470994.0,7,44914.28571428572,lingga,21.04,21,Lingga,Kepulauan Riau,21.04,-0.2218374733076474,104.52694758683589
KAB. LOMBOK BARAT,287570.0,6,40250.0,lombok barat,52.01,52,Lombok Barat,Nusa Tenggara Barat,52.01,-8.66546804292702,116.09345744567439
KAB. LOMBOK TENGAH,2298177.0,21,53576.19047619047,lombok tengah,52.02,52,Lombok Tengah,Nusa Tenggara Barat,52.02,-8.72214701148794,116.28983887403255
KAB. LOMBOK TIMUR,865828.0,13,60269.230769230766,lombok timur,52.03,52,Lombok Timur,Nusa Tenggara Barat,52.03,-8.532324119405322,116.53081208388284
KAB. LOMBOK UTARA,883300.0,3,90300.0,lombok utara,52.08,52,Lombok Utara,Nusa Tenggara Barat,52.08,-8.348893738941477,116.28292084055784
KAB. LUMAJANG,1279613.0,36,15022.222222222223,lumajang,35.08,35,Lumajang,Jawa Timur,35.08,-8.125443593037767,113.13849624512856
KAB. LUWU,197960.0,8,41250.0,luwu,73.17,73,Luwu,Sulawesi Selatan,73.17,-3.19920842038673,120.18312032806739
KAB. LUWU TIMUR,567208.0,14,61635.71428571428,luwu timur,73.24,73,Luwu Timur,Sulawesi Selatan,73.24,-2.5560452751250424,121.12833364788985
KAB. LUWU UTARA,314651.0,5,55980.0,luwu utara,73.22,73,Luwu Utara,Sulawesi Selatan,73.22,-2.39593518413965,120.16443417949881
KAB. MADIUN,877686.0,19,14910.526315789473,madiun,35.19,35,Madiun,Jawa Timur,35.19,-7.623615892934244,111.64585875829627
KAB. MADIUN,877686.0,19,14910.526315789473,madiun,35.77,35,Kota Madiun,Jawa Timur,35.77,-7.6294540613265,111.52726721364904
KAB. MAGELANG,2208249.0,56,17483.928571428572,magelang,33.71,33,Kota Magelang,Jawa Tengah,33.71,-7.4765545104057125,110.22011139742136
KAB. MAGELANG,2208249.0,56,17483.928571428572,magelang,33.08,33,Magelang,Jawa Tengah,33.08,-7.501736891109967,110.24721339288699
KAB. MAGETAN,883296.0,18,17788.88888888889,magetan,35.20,35,Magetan,Jawa Timur,35.20,-7.663380036621064,111.35743424445917
KAB. MAHAKAM ULU,207816.0,2,80450.0,mahakam ulu,64.11,64,Mahakam Ulu,Kalimantan Timur,64.11,0.7338263094483192,114.83346819414245
KAB. MAJALENGKA,1860176.0,52,13809.403846153846,majalengka,32.10,32,Majalengka,Jawa Barat,32.10,-6.815084455839337,108.25719365357271
KAB. MAJENE,190572.0,2,70800.0,majene,76.05,76,Majene,Sulawesi Barat,76.05,-3.173163960106312,118.91846698600894
KAB. MALAKA,76497.0,2,58000.0,malaka,53.21,53,Malaka,Nusa Tenggara Timur,53.21,-9.524259235564495,124.88844674209815
KAB. MALANG,5268402.0,102,20518.62745098039,malang,35.07,35,Malang,Jawa Timur,35.07,-8.125914498560155,112.6409074124253
KAB. MALANG,5268402.0,102,20518.62745098039,malang,35.73,35,Kota Malang,Jawa Timur,35.73,-7.978300291727217,112.63590685470416
KAB. MAMASA,139776.0,1,94400.0,mamasa,76.03,76,Mamasa,Sulawesi Barat,76.03,-2.945717452124322,119.31438555885933
KAB. MAMUJU,239252.0,4,50975.0,mamuju,76.02,76,Mamuju,Sulawesi Barat,76.02,-2.51969779073658,119.34457596985807
KAB. MAMUJU TENGAH,195130.0,2,117500.0,mamuju tengah,76.06,76,Mamuju Tengah,Sulawesi Barat,76.06,-2.0026542496691677,119.51108910193571
KAB. MANDAILING NATAL,1446510.0,19,41578.94736842105,mandailing natal,12.13,12,Mandailing Natal,Sumatera Utara,12.13,0.7763978727688372,99.3686717364676
KAB. MANGGARAI BARAT,219000.0,2,522350.0,manggarai barat,53.15,53,Manggarai Barat,Nusa Tenggara Timur,53.15,-8.602716731923502,119.98854525873456
KAB. MAROS,105820.0,6,31000.0,maros,73.09,73,Maros,Sulawesi Selatan,73.09,-4.999674016064293,119.72630843963803
KAB. MELAWI,81000.0,3,32466.666666666668,melawi,61.10,61,Melawi,Kalimantan Barat,61.10,-0.6304366772283837,111.72459705795963
KAB. MERANGIN,2050643.0,39,35000.0,merangin,15.02,15,Merangin,Jambi,15.02,-2.193116201660262,102.06833784146083
KAB. MESUJI,110209.0,4,17725.0,mesuji,18.11,18,Mesuji,Lampung,18.11,-4.0248419851945565,105.37837457590142
KAB. MINAHASA,25024.0,2,43100.0,minahasa,71.02,71,Minahasa,Sulawesi Utara,71.02,1.2500305141288193,124.8581126375923
KAB. MINAHASA SELATAN,743970.0,5,102300.0,minahasa selatan,71.05,71,Minahasa Selatan,Sulawesi Utara,71.05,1.084971283769238,124.51890029180855
KAB. MINAHASA TENGGARA,259504.0,4,58300.0,minahasa tenggara,71.07,71,Minahasa Tenggara,Sulawesi Utara,71.07,1.0121994191987034,124.71665253723965
KAB. MINAHASA UTARA,0.0,2,245750.0,minahasa utara,71.06,71,Minahasa Utara,Sulawesi Utara,71.06,1.548092226801692,125.00529466134427
KAB. MOJOKERTO,865282.0,38,13357.894736842105,mojokerto,35.16,35,Mojokerto,Jawa Timur,35.16,-7.550691753478534,112.48443825625331
KAB. MOJOKERTO,865282.0,38,13357.894736842105,mojokerto,35.76,35,Kota Mojokerto,Jawa Timur,35.76,-7.471389237201706,112.43750790627276
KAB. MOROWALI,1178818.0,22,49909.09090909091,morowali,72.06,72,Morowali,Sulawesi Tengah,72.06,-2.7159395238523705,121.92366902427042
KAB. MOROWALI UTARA,278107.0,4,44225.0,morowali utara,72.12,72,Morowali Utara,Sulawesi Tengah,72.12,-1.8270220586981396,121.39605853455957
KAB. MUARA ENIM,1257104.0,26,30711.53846153846,muara enim,16.03,16,Muara Enim,Sumatera Selatan,16.03,-3.6350562042420234,103.99781859337168
KAB. MUARO JAMBI,550977.0,18,34911.11111111111,muaro jambi,15.05,15,Muaro Jambi,Jambi,15.05,-1.6132999323825017,103.7378231458242
KAB. MUKO MUKO,655624.0,15,39000.0,muko muko,17.06,17,Muko Muko,Bengkulu,17.06,-2.6903158367828075,101.48189529743729
KAB. MUNA,94808.0,1,53200.0,muna,74.03,74,Muna,Sulawesi Tenggara,74.03,-4.944657307889749,122.62960442048563
KAB. MURUNG RAYA,315958.0,6,61500.0,murung raya,62.12,62,Murung Raya,Kalimantan Tengah,62.12,-0.031786795093296856,114.26232837269812
KAB. MUSI BANYUASIN,2982564.0,65,35810.06153846154,musi banyuasin,16.06,16,Musi Banyuasin,Sumatera Selatan,16.06,-2.4502899663911597,103.82783465152428
KAB. MUSI RAWAS,954296.0,26,27196.153846153848,musi rawas,16.05,16,Musi Rawas,Sumatera Selatan,16.05,-3.1653972729718935,103.13654937561938
KAB. MUSI RAWAS UTARA,139964.0,6,30333.333333333332,musi rawas utara,16.13,16,Musi Rawas Utara,Sumatera Selatan,16.13,-2.7401701357900436,102.74375243273613
KAB. NAGAN RAYA,1113002.0,6,67916.66666666667,nagan raya,11.15,11,Nagan Raya,Aceh,11.15,4.164239641271212,96.50768629468321
KAB. NATUNA,313370.0,3,41666.666666666664,natuna,21.03,21,Natuna,Kepulauan Riau,21.03,3.782118982018811,108.26033971735221
KAB. NGADA,114920.0,1,68500.0,ngada,53.09,53,Ngada,Nusa Tenggara Timur,53.09,-8.664544007344361,121.00156828856927
KAB. NGANJUK,1574834.0,27,15174.074074074075,nganjuk,35.18,35,Nganjuk,Jawa Timur,35.18,-7.597495579407229,111.93854620713505
KAB. NGAWI,1297787.0,30,16700.0,ngawi,35.21,35,Ngawi,Jawa Timur,35.21,-7.438824403789768,111.34341383305365
KAB. NIAS SELATAN,195433.0,4,36774.5,nias selatan,12.14,12,Nias Selatan,Sumatera Utara,12.14,0.329311151803298,98.09889773044927
KAB. NIAS UTARA,339500.0,1,176400.0,nias utara,12.24,12,Nias Utara,Sumatera Utara,12.24,1.3149605689336212,97.35540287251116
KAB. NUNUKAN,74000.0,1,52500.0,nunukan,65.03,65,Nunukan,Kalimantan Utara,65.03,4.009177924112725,116.64285776281172
KAB. OGAN ILIR,388473.0,12,26400.0,ogan ilir,16.10,16,Ogan Ilir,Sumatera Selatan,16.10,-3.415293618197851,104.60531386224262
KAB. OGAN KOMERING ILIR,1092168.0,33,28936.363636363636,ogan komering ilir,16.02,16,Ogan Komering Ilir,Sumatera Selatan,16.02,-3.3637135240062084,105.39730965467828
KAB. OGAN KOMERING ULU,1017512.0,25,27128.28,ogan komering ulu,16.01,16,Ogan Komering Ulu,Sumatera Selatan,16.01,-4.093734721043083,104.10521210733846
KAB. OGAN KOMERING ULU SELATAN,452651.0,10,31420.0,ogan komering ulu selatan,16.09,16,Ogan Komering Ulu Selatan,Sumatera Selatan,16.09,-4.588940185398581,103.91014103625669
KAB. OGAN KOMERING ULU TIMUR,922156.0,25,30124.24,ogan komering ulu timur,16.08,16,Ogan Komering Ulu Timur,Sumatera Selatan,16.08,-4.074311352736141,104.56698887279222
KAB. PACITAN,1559808.0,27,18470.37037037037,pacitan,35.01,35,Pacitan,Jawa Timur,35.01,-8.124952119722925,111.17808563915823
KAB. PADANG LAWAS,357498.0,10,29780.0,padang lawas,12.21,12,Padang Lawas,Sumatera Utara,12.21,1.142254456156046,99.85120544315338
KAB. PADANG LAWAS UTARA,19485.0,2,17000.0,padang lawas utara,12.20,12,Padang Lawas Utara,Sumatera Utara,12.20,1.590900912488325,99.7629592289695
KAB. PADANG PARIAMAN,275031.0,10,30170.0,padang pariaman,13.05,13,Padang Pariaman,Sumatera Barat,13.05,-0.5649971661468755,100.2279323946779
KAB. PAMEKASAN,717708.0,35,14142.857142857143,pamekasan,35.28,35,Pamekasan,Jawa Timur,35.28,-7.0652238932025515,113.50404665530036
KAB. PANDEGLANG,2413235.0,84,11841.666666666666,pandeglang,36.01,36,Pandeglang,Banten,36.01,-6.590233346870855,105.74297025291288
KAB. PANGANDARAN,688266.0,21,14304.761904761905,pangandaran,32.18,32,Pangandaran,Jawa Barat,32.18,-7.635641122171049,108.51859098993197
KAB. PANGKAJENE KEPULAUAN,0.0,3,46433.333333333336,pangkajene kepulauan,73.10,73,Pangkajene Kepulauan,Sulawesi Selatan,73.10,-4.938526381464743,119.47967739210058
KAB. PARIGI MOUTONG,64960.0,3,68666.66666666667,parigi moutong,72.08,72,Parigi Moutong,Sulawesi Tengah,72.08,0.016925634782032982,120.44905763442054
KAB. PASAMAN,450548.0,11,31118.18181818182,pasaman,13.08,13,Pasaman,Sumatera Barat,13.08,0.39261729783649185,100.08722090735779
KAB. PASAMAN BARAT,640283.0,21,28933.333333333332,pasaman barat,13.12,13,Pasaman Barat,Sumatera Barat,13.12,0.2034513248650207,99.68550250059064
KAB. PASER,248594.0,7,58328.57142857143,paser,64.01,64,Paser,Kalimantan Timur,64.01,-1.7410647117891436,116.09205650464716
KAB. PASURUAN,2645974.0,67,19452.238805970148,pasuruan,35.75,35,Kota Pasuruan,Jawa Timur,35.75,-7.649572436724351,112.9100046421644
KAB. PASURUAN,2645974.0,67,19452.238805970148,pasuruan,35.14,35,Pasuruan,Jawa Timur,35.14,-7.742430912509359,112.83184410169154
KAB. PATI,1926586.0,37,16810.81081081081,pati,33.18,33,Pati,Jawa Tengah,33.18,-6.743327254090564,111.04228281322551
KAB. PEKALONGAN,1026999.0,34,12102.941176470587,pekalongan,33.75,33,Kota Pekalongan,Jawa Tengah,33.75,-6.89340868223896,109.67715508608772
KAB. PEKALONGAN,1026999.0,34,12102.941176470587,pekalongan,33.26,33,Pekalongan,Jawa Tengah,33.26,-7.057005515868323,109.62050061295855
KAB. PELALAWAN,595274.0,12,40808.416666666664,pelalawan,14.05,14,Pelalawan,Riau,14.05,0.2175088684754938,102.28038767792829
KAB. PEMALANG,1277038.0,45,16254.933333333332,pemalang,33.27,33,Pemalang,Jawa Tengah,33.27,-7.036804246068938,109.39517261664157
KAB. PENAJAM PASER UTARA,60000.0,3,25000.0,penajam paser utara,64.09,64,Penajam Paser Utara,Kalimantan Timur,64.09,-1.1589416466844433,116.59114421343014
KAB. PENUKAL ABAB LEMATANG ILIR,293578.0,8,26075.0,penukal abab lematang ilir,16.12,16,Penukal Abab Lematang Ilir,Sumatera Selatan,16.12,-3.2009762701697135,103.99497526416916
KAB. PESAWARAN,251560.0,8,27987.5,pesawaran,18.09,18,Pesawaran,Lampung,18.09,-5.473484303708584,105.1151924227139
KAB. PESISIR BARAT,140699.0,8,24325.0,pesisir barat,18.13,18,Pesisir Barat,Lampung,18.13,-5.335530555303785,104.16283965329774
KAB. PESISIR SELATAN,586804.0,19,30305.263157894737,pesisir selatan,13.01,13,Pesisir Selatan,Sumatera Barat,13.01,-1.7382766750882006,100.87925591357893
KAB. PIDIE,48320.0,4,38250.0,pidie,11.07,11,Pidie,Aceh,11.07,5.05355578901906,96.03342837397622
KAB. PIDIE JAYA,158128.0,5,31500.0,pidie jaya,11.18,11,Pidie Jaya,Aceh,11.18,5.124744338936802,96.21333121948685
KAB. PINRANG,612281.0,7,43165.71428571428,pinrang,73.15,73,Pinrang,Sulawesi Selatan,73.15,-3.6280861856819864,119.60257187015318
KAB. POHUWATO,101880.0,2,51500.0,pohuwato,75.04,75,Pohuwato,Gorontalo,75.04,0.6882848005584976,121.70978211930604
KAB. POLEWALI MANDAR,0.0,2,53350.0,polewali mandar,76.04,76,Polewali Mandar,Sulawesi Barat,76.04,-3.310092673074837,119.14714996948278
KAB. PONOROGO,1296956.0,27,14714.814814814816,ponorogo,35.02,35,Ponorogo,Jawa Timur,35.02,-7.931327949449443,111.49953043167699
KAB. PONTIANAK,142896.0,7,26571.428571428572,pontianak,61.71,61,Kota Pontianak,Kalimantan Barat,61.71,-0.025780638412396716,109.33169746904854
KAB. POSO,387541.0,6,68833.16666666667,poso,72.02,72,Poso,Sulawesi Tengah,72.02,-1.67837608959961,120.53372247242648
KAB. PRINGSEWU,854658.0,16,23006.3125,pringsewu,18.10,18,Pringsewu,Lampung,18.10,-5.3363609110843475,104.93340516987747
KAB. PROBOLINGGO,2481664.0,39,18569.23076923077,probolinggo,35.74,35,Kota Probolinggo,Jawa Timur,35.74,-7.773810528649351,113.20546894160476
KAB. PROBOLINGGO,2481664.0,39,18569.23076923077,probolinggo,35.13,35,Probolinggo,Jawa Timur,35.13,-7.866411109818226,113.32023406482635
KAB. PULANG PISAU,282544.0,7,59428.57142857143,pulang pisau,62.11,62,Pulang Pisau,Kalimantan Tengah,62.11,-2.6908594382298427,113.96757574005495
KAB. PURBALINGGA,827425.0,30,15966.666666666666,purbalingga,33.03,33,Purbalingga,Jawa Tengah,33.03,-7.323229861981867,109.40720469770119
KAB. PURWAKARTA,5047191.0,94,16024.468085106382,purwakarta,32.14,32,Purwakarta,Jawa Barat,32.14,-6.595259676105102,107.4307759940531
KAB. PURWOREJO,1344580.0,26,15457.692307692309,purworejo,33.06,33,Purworejo,Jawa Tengah,33.06,-7.700380551889834,109.96612571431886
KAB. REJANG LEBONG,966375.0,14,35592.857142857145,rejang lebong,17.02,17,Rejang Lebong,Bengkulu,17.02,-3.43045483554119,102.70204516675844
KAB. REMBANG,389858.0,14,15507.142857142857,rembang,33.17,33,Rembang,Jawa Tengah,33.17,-6.775133538473285,111.46151952053359
KAB. ROKAN HILIR,1242413.0,25,33700.0,rokan hilir,14.07,14,Rokan Hilir,Riau,14.07,1.773127263698296,100.74919104835121
KAB. ROKAN HULU,817215.0,18,28070.833333333332,rokan hulu,14.06,14,Rokan Hulu,Riau,14.06,0.9430253250727054,100.50535633513329
KAB. ROTE NDAO,142200.0,1,67700.0,rote ndao,53.14,53,Rote Ndao,Nusa Tenggara Timur,53.14,-10.725959995074668,123.12444836805105
KAB. SAMBAS,923398.0,16,36481.25,sambas,61.01,61,Sambas,Kalimantan Barat,61.01,1.4230857823614649,109.34956822007952
KAB. SAMOSIR,191686.0,5,75400.0,samosir,12.17,12,Samosir,Sumatera Utara,12.17,2.5622823543598385,98.72895995108942
KAB. SAMPANG,1401005.0,32,23237.5,sampang,35.27,35,Sampang,Jawa Timur,35.27,-7.052024464114554,113.25634302532592
KAB. SANGGAU,1400838.0,18,41500.0,sanggau,61.03,61,Sanggau,Kalimantan Barat,61.03,0.2686810965861169,110.43072660297169
KAB. SAROLANGUN,1221489.0,26,34157.692307692305,sarolangun,15.03,15,Sarolangun,Jambi,15.03,-2.3062600655167436,102.67254936954708
KAB. SEKADAU,305810.0,7,38285.71428571428,sekadau,61.09,61,Sekadau,Kalimantan Barat,61.09,-0.01713673936242183,110.94892649828677
KAB. SELUMA,193426.0,6,28716.666666666668,seluma,17.05,17,Seluma,Bengkulu,17.05,-4.052006756196003,102.65951397282358
KAB. SEMARANG,1038232.0,32,13715.625,semarang,33.22,33,Semarang,Jawa Tengah,33.22,-7.2708990936455935,110.47350771475793
KAB. SEMARANG,1038232.0,32,13715.625,semarang,33.74,33,Kota Semarang,Jawa Tengah,33.74,-7.023898605371644,110.39152263164601
KAB. SERANG,6115078.0,154,13542.558441558442,serang,36.04,36,Serang,Banten,36.04,-6.14173811781962,106.14607560844507
KAB. SERANG,6115078.0,154,13542.558441558442,serang,36.73,36,Kota Serang,Banten,36.73,-6.123323587632104,106.166750570897
KAB. SERDANG BEDAGAI,206942.0,7,26185.714285714286,serdang bedagai,12.18,12,Serdang Bedagai,Sumatera Utara,12.18,3.3662576773739157,99.05770815539994
KAB. SERUYAN,479901.0,7,62457.142857142855,seruyan,62.07,62,Seruyan,Kalimantan Tengah,62.07,-2.257238224229255,112.198650028928
KAB. SIAK,513101.0,14,31800.0,siak,14.08,14,Siak,Riau,14.08,0.8170147895028261,101.87542601374719
KAB. SIDOARJO,2824204.0,95,13677.894736842105,sidoarjo,35.15,35,Sidoarjo,Jawa Timur,35.15,-7.451472833873365,112.70030279082415
KAB. SIKKA,96200.0,1,84000.0,sikka,53.07,53,Sikka,Nusa Tenggara Timur,53.07,-8.609344971707753,122.30665497468944
KAB. SIMALUNGUN,535734.0,14,33692.857142857145,simalungun,12.08,12,Simalungun,Sumatera Utara,12.08,2.969696736837558,99.0215583957899
KAB. SIMEULUE,63100.0,4,37050.0,simeulue,11.09,11,Simeulue,Aceh,11.09,2.6128279748448406,96.08626027990323
KAB. SINJAI,0.0,2,112500.0,sinjai,73.07,73,Sinjai,Sulawesi Selatan,73.07,-5.209283365939879,120.13541509172092
KAB. SINTANG,67000.0,1,40000.0,sintang,61.05,61,Sintang,Kalimantan Barat,61.05,0.09259557503946508,112.05439324666607
KAB. SITUBONDO,735833.0,19,17952.63157894737,situbondo,35.12,35,Situbondo,Jawa Timur,35.12,-7.80143853004398,114.05136405329907
KAB. SLEMAN,4169184.0,109,19795.4128440367,sleman,34.04,34,Sleman,Daerah Istimewa Yogyakarta,34.04,-7.71646352703971,110.38321299279538
KAB. SOLOK,399734.0,12,43708.333333333336,solok,13.72,13,Kota Solok,Sumatera Barat,13.72,-0.7828670008157551,100.62986603667574
KAB. SOLOK,399734.0,12,43708.333333333336,solok,13.02,13,Solok,Sumatera Barat,13.02,-0.9835702519764626,100.84128447570609
KAB. SOLOK SELATAN,224598.0,3,31100.0,solok selatan,13.11,13,Solok Selatan,Sumatera Barat,13.11,-1.423591691040205,101.26767927206672
KAB. SOPPENG,185000.0,4,42500.0,soppeng,73.12,73,Soppeng,Sulawesi Selatan,73.12,-4.337042875097487,119.89337854603154
KAB. SRAGEN,1405645.0,25,19440.0,sragen,33.14,33,Sragen,Jawa Tengah,33.14,-7.385336820876112,110.97414413328123
KAB. SUBANG,6621196.0,132,20946.21212121212,subang,32.13,32,Subang,Jawa Barat,32.13,-6.484642989620874,107.73183253449345
KAB. SUKABUMI,7828596.0,210,13445.233333333334,sukabumi,32.02,32,Sukabumi,Jawa Barat,32.02,-7.076318269660438,106.70756920024003
KAB. SUKABUMI,7828596.0,210,13445.233333333334,sukabumi,32.72,32,Kota Sukabumi,Jawa Barat,32.72,-6.939938819985031,106.92435699624795
KAB. SUKAMARA,267700.0,4,56100.0,sukamara,62.08,62,Sukamara,Kalimantan Tengah,62.08,-2.604348754002948,111.15957390975841
KAB. SUKOHARJO,689674.0,26,18307.69230769231,sukoharjo,33.11,33,Sukoharjo,Jawa Tengah,33.11,-7.680843499991166,110.8348369454648
KAB. SUMBA BARAT,110890.0,1,61000.0,sumba barat,53.12,53,Sumba Barat,Nusa Tenggara Timur,53.12,-9.641422259316812,119.3833826777772
KAB. SUMBA TIMUR,88360.0,2,68500.0,sumba timur,53.11,53,Sumba Timur,Nusa Tenggara Timur,53.11,-9.877804207778881,120.2547683848027
KAB. SUMBAWA,174620.0,12,59633.333333333336,sumbawa,52.04,52,Sumbawa,Nusa Tenggara Barat,52.04,-8.70329812260532,117.48426111078243
KAB. SUMBAWA BARAT,524678.0,8,38012.5,sumbawa barat,52.07,52,Sumbawa Barat,Nusa Tenggara Barat,52.07,-8.830288146957715,116.91442832770187
KAB. SUMEDANG,1386960.0,69,12721.144927536232,sumedang,32.11,32,Sumedang,Jawa Barat,32.11,-6.824748018404171,107.98127183158981
KAB. SUMENEP,1237759.0,32,15109.375,sumenep,35.29,35,Sumenep,Jawa Timur,35.29,-6.966307060952111,114.40313360685501
KAB. TABALONG,585100.0,8,37000.0,tabalong,63.09,63,Tabalong,Kalimantan Selatan,63.09,-1.8619462509951632,115.50006464866429
KAB. TABANAN,4285748.0,10,51496.2,tabanan,51.02,51,Tabanan,Bali,51.02,-8.430231084614661,115.07827426553573
KAB. TAKALAR,32200.0,3,37500.0,takalar,73.05,73,Takalar,Sulawesi Selatan,73.05,-5.418454518923195,119.47414660013325
KAB. TANA TORAJA,132625.0,2,33500.0,tana toraja,73.18,73,Tana Toraja,Sulawesi Selatan,73.18,-3.1156062208045023,119.71162993561391
KAB. TANAH BUMBU,701195.0,17,46588.23529411765,tanah bumbu,63.10,63,Tanah Bumbu,Kalimantan Selatan,63.10,-3.4397127509163887,115.64713995778305
KAB. TANAH DATAR,396390.0,11,24363.727272727272,tanah datar,13.04,13,Tanah Datar,Sumatera Barat,13.04,-0.46764896039693693,100.58406134831394
KAB. TANAH LAUT,464111.0,15,26873.333333333332,tanah laut,63.01,63,Tanah Laut,Kalimantan Selatan,63.01,-3.819225291313974,114.90532554999537
KAB. TANGERANG,56263709.0,1047,12825.716332378224,tangerang,36.71,36,Kota Tangerang,Banten,36.71,-6.18437110906753,106.65199394460666
KAB. TANGERANG,56263709.0,1047,12825.716332378224,tangerang,36.03,36,Tangerang,Banten,36.03,-6.1744645987129605,106.51892886778404
KAB. TANGGAMUS,831969.0,13,27976.923076923078,tanggamus,18.06,18,Tanggamus,Lampung,18.06,-5.428085829167919,104.67406094293888
KAB. TANJUNG JABUNG BARAT,622421.0,22,34259.09090909091,tanjung jabung barat,15.06,15,Tanjung Jabung Barat,Jambi,15.06,-1.0712911912079657,103.11457459115408
KAB. TANJUNG JABUNG TIMUR,537596.0,16,29000.0,tanjung jabung timur,15.07,15,Tanjung Jabung Timur,Jambi,15.07,-1.2253734859052512,103.9652937975354
KAB. TAPANULI SELATAN,206342.0,7,25142.85714285714,tapanuli selatan,12.03,12,Tapanuli Selatan,Sumatera Utara,12.03,1.5006198551702559,99.2669575782014
KAB. TAPANULI TENGAH,156300.0,3,34000.0,tapanuli tengah,12.01,12,Tapanuli Tengah,Sumatera Utara,12.01,1.835979956743956,98.65371518885308
KAB. TAPANULI UTARA,48500.0,2,47750.0,tapanuli utara,12.02,12,Tapanuli Utara,Sumatera Utara,12.02,2.0011912339935303,99.06507731611347
KAB. TAPIN,204000.0,5,30300.0,tapin,63.05,63,Tapin,Kalimantan Selatan,63.05,-2.9216204998754938,115.04512934911104
KAB. TASIKMALAYA,1724072.0,71,15835.211267605633,tasikmalaya,32.78,32,Kota Tasikmalaya,Jawa Barat,32.78,-7.3605265931451225,108.21912255643048
KAB. TASIKMALAYA,1724072.0,71,15835.211267605633,tasikmalaya,32.06,32,Tasikmalaya,Jawa Barat,32.06,-7.496735850654323,108.14156672107875
KAB. TEBO,1079293.0,23,27521.739130434784,tebo,15.09,15,Tebo,Jambi,15.09,-1.3075639168419446,102.36429282483458
KAB. TEGAL,6061594.0,70,14745.714285714286,tegal,33.76,33,Kota Tegal,Jawa Tengah,33.76,-6.869174558926782,109.11574708742408
KAB. TEGAL,6061594.0,70,14745.714285714286,tegal,33.28,33,Tegal,Jawa Tengah,33.28,-7.028775498368181,109.15851536344728
KAB. TEMANGGUNG,854392.0,25,16541.4,temanggung,33.23,33,Temanggung,Jawa Tengah,33.23,-7.257697521960033,110.13630232355591
KAB. TIMOR TENGAH UTARA,83000.0,1,60000.0,timor tengah utara,53.03,53,Timor Tengah Utara,Nusa Tenggara Timur,53.03,-9.37769900633099,124.56982690915716
KAB. TORAJA UTARA,14500.0,3,19000.0,toraja utara,73.26,73,Toraja Utara,Sulawesi Selatan,73.26,-2.8796217484834736,119.8642601245899
KAB. TRENGGALEK,280929.0,15,12966.666666666666,trenggalek,35.03,35,Trenggalek,Jawa Timur,35.03,-8.160655712374883,111.62732146474856
KAB. TUBAN,1060623.0,35,15574.285714285714,tuban,35.23,35,Tuban,Jawa Timur,35.23,-6.953412968679368,111.89224221209807
KAB. TULANG BAWANG,1160123.0,24,31313.708333333332,tulang bawang,18.05,18,Tulang Bawang,Lampung,18.05,-4.373165939862982,105.52759124605524
KAB. TULANG BAWANG BARAT,346965.0,7,25714.285714285714,tulang bawang barat,18.12,18,Tulang Bawang Barat,Lampung,18.12,-4.425704117446925,105.08743965885442
KAB. TULUNGAGUNG,751634.0,26,14800.0,tulungagung,35.04,35,Tulungagung,Jawa Timur,35.04,-8.113471029349732,111.88772275128605
KAB. WAJO,2706994.0,49,36320.4081632653,wajo,73.13,73,Wajo,Sulawesi Selatan,73.13,-3.9918265286122927,120.17283440737408
KAB. WAKATOBI,338531.0,2,268000.0,wakatobi,74.07,74,Wakatobi,Sulawesi Tenggara,74.07,-5.5712467531075465,123.78541247674224
KAB. WAY KANAN,842282.0,17,35624.882352941175,way kanan,18.08,18,Way Kanan,Lampung,18.08,-4.514283477707059,104.60616277008855
KAB. WONOGIRI,824357.0,19,14815.78947368421,wonogiri,33.12,33,Wonogiri,Jawa Tengah,33.12,-7.919287916112877,110.99921075172803
KAB. WONOSOBO,761029.0,22,15022.727272727272,wonosobo,33.07,33,Wonosobo,Jawa Tengah,33.07,-7.416302371539499,109.9073549445444
KOTA AMBON,2241295.0,20,77465.0,ambon,81.71,81,Kota Ambon,Maluku,81.71,-3.6853566310422146,128.19497709150843
KOTA BALIKPAPAN,2735668.0,37,49995.37837837838,balikpapan,64.71,64,Kota Balikpapan,Kalimantan Timur,64.71,-1.1566657989949787,116.87229050894598
KOTA BANDA ACEH,1868661.0,36,30205.583333333332,banda aceh,11.71,11,Kota Banda Aceh,Aceh,11.71,5.558704403909693,95.3277134583369
KOTA BANDAR LAMPUNG,7033906.0,181,20732.044198895026,bandar lampung,18.71,18,Kota Bandar Lampung,Lampung,18.71,-5.41419718001972,105.26213192732321
KOTA BANDUNG,18323605.0,399,11567.433583959899,bandung,32.04,32,Bandung,Jawa Barat,32.04,-7.0975880233324755,107.60872729833476
KOTA BANDUNG,18323605.0,399,11567.433583959899,bandung,32.73,32,Kota Bandung,Jawa Barat,32.73,-6.919241381152638,107.63660062704719
KOTA BANJAR,258180.0,13,14523.076923076924,banjar,32.79,32,Kota Banjar,Jawa Barat,32.79,-7.376988749932354,108.56720461752244
KOTA BANJAR,258180.0,13,14523.076923076924,banjar,63.03,63,Banjar,Kalimantan Selatan,63.03,-3.320489160814727,115.07991110673105
KOTA BANJARBARU,2890265.0,14,76835.71428571429,banjarbaru,63.72,63,Kota Banjarbaru,Kalimantan Selatan,63.72,-3.4747673377752717,114.79117548117834
KOTA BANJARMASIN,611142.0,21,38023.80952380953,banjarmasin,63.71,63,Kota Banjarmasin,Kalimantan Selatan,63.71,-3.329121479619704,114.59179868502449
KOTA BATAM,1204669.0,26,50615.38461538462,batam,21.71,21,Kota Batam,Kepulauan Riau,21.71,0.9630012322126266,104.06355730853564
KOTA BATU,289824.0,7,15857.142857142857,batu,35.79,35,Kota Batu,Jawa Timur,35.79,-7.834673797630639,112.53375557409497
KOTA BEKASI,20593609.0,573,9727.050610820244,bekasi,32.16,32,Bekasi,Jawa Barat,32.16,-6.219747307682568,107.12171204227535
KOTA BEKASI,20593609.0,573,9727.050610820244,bekasi,32.75,32,Kota Bekasi,Jawa Barat,32.75,-6.280833552766811,106.97536610721495
KOTA BENGKULU,1958530.0,62,28825.709677419356,bengkulu,17.71,17,Kota Bengkulu,Bengkulu,17.71,-3.841396877976354,102.30815765387136
KOTA BIMA,99600.0,4,39275.0,bima,52.06,52,Bima,Nusa Tenggara Barat,52.06,-8.474806634586558,118.61901683996795
KOTA BIMA,99600.0,4,39275.0,bima,52.72,52,Kota Bima,Nusa Tenggara Barat,52.72,-8.454868239311509,118.78210646267961
KOTA BINJAI,189200.0,4,45000.0,binjai,12.75,12,Kota Binjai,Sumatera Utara,12.75,3.600227013952984,98.48921935291355
KOTA BLITAR,249620.0,7,39571.42857142857,blitar,35.05,35,Blitar,Jawa Timur,35.05,-8.131013589049383,112.23721629241231
KOTA BLITAR,249620.0,7,39571.42857142857,blitar,35.72,35,Kota Blitar,Jawa Timur,35.72,-8.094766733588562,112.16697121030957
KOTA BOGOR,7587980.0,222,10163.963963963964,bogor,32.71,32,Kota Bogor,Jawa Barat,32.71,-6.593489394559189,106.79935624589578
KOTA BOGOR,7587980.0,222,10163.963963963964,bogor,32.01,32,Bogor,Jawa Barat,32.01,-6.559797485177805,106.76704664807382
KOTA BONTANG,425617.0,7,54000.0,bontang,64.74,64,Kota Bontang,Kalimantan Timur,64.74,0.09326488030871466,117.45806814329586
KOTA BUKITTINGGI,267885.0,7,38557.142857142855,bukittinggi,13.75,13,Kota Bukittinggi,Sumatera Barat,13.75,-0.2995833927447485,100.37253702329838
KOTA CILEGON,11293402.0,124,11154.862903225807,cilegon,36.72,36,Kota Cilegon,Banten,36.72,-5.998895625695469,106.01849218043158
KOTA CIMAHI,4166196.0,76,14000.013157894737,cimahi,32.77,32,Kota Cimahi,Jawa Barat,32.77,-6.886318982943015,107.54289593467628
KOTA CIREBON,955620.0,39,9292.307692307691,cirebon,32.74,32,Kota Cirebon,Jawa Barat,32.74,-6.741718862608382,108.55330571917212
KOTA CIREBON,955620.0,39,9292.307692307691,cirebon,32.09,32,Cirebon,Jawa Barat,32.09,-6.746221280645243,108.55215665975352
KOTA DENPASAR,9690756.0,82,33664.939024390245,denpasar,51.71,51,Kota Denpasar,Bali,51.71,-8.668356081689616,115.22081629209895
KOTA DEPOK,27220970.0,549,11501.817850637522,depok,32.76,32,Kota Depok,Jawa Barat,32.76,-6.39620397210999,106.8168366286003
KOTA DUMAI,851674.0,18,35777.77777777778,dumai,14.72,14,Kota Dumai,Riau,14.72,1.8207559200876573,101.28228692076115
KOTA GORONTALO,444636.0,12,30516.666666666668,gorontalo,75.01,75,Gorontalo,Gorontalo,75.01,0.692899344663683,122.71251784120766
KOTA GORONTALO,444636.0,12,30516.666666666668,gorontalo,75.71,75,Kota Gorontalo,Gorontalo,75.71,0.5384085410485823,123.05530113287764
KOTA GUNUNGSITOLI,284536.0,4,44650.0,gunungsitoli,12.78,12,Kota Gunungsitoli,Sumatera Utara,12.78,1.268529012028898,97.58668478033347
KOTA JAMBI,5060723.0,105,26796.380952380954,jambi,15.71,15,Kota Jambi,Jambi,15.71,-1.6181774220397565,103.59978913896097
KOTA KEDIRI,660637.0,18,14811.111111111111,kediri,35.06,35,Kediri,Jawa Timur,35.06,-7.828693403692295,112.08922074796372
KOTA KEDIRI,660637.0,18,14811.111111111111,kediri,35.71,35,Kota Kediri,Jawa Timur,35.71,-7.826370090119876,112.01612339930358
KOTA KENDARI,2359739.0,16,88031.25,kendari,74.71,74,Kota Kendari,Sulawesi Tenggara,74.71,-3.9977076884850407,122.53288120475624
KOTA KOTAMOBAGU,45200.0,1,42500.0,kotamobagu,71.74,71,Kota Kotamobagu,Sulawesi Utara,71.74,0.7110773575201874,124.31830775995971
KOTA KUPANG,662945.0,11,41954.545454545456,kupang,53.01,53,Kupang,Nusa Tenggara Timur,53.01,-9.916086216770193,123.8614504441488
KOTA KUPANG,662945.0,11,41954.545454545456,kupang,53.71,53,Kota Kupang,Nusa Tenggara Timur,53.71,-10.204506383995797,123.60454402767822
KOTA LANGSA,0.0,1,35400.0,langsa,11.74,11,Kota Langsa,Aceh,11.74,4.481819463793941,97.98059606204869
KOTA LHOKSEUMAWE,327728.0,10,38810.0,lhokseumawe,11.73,11,Kota Lhokseumawe,Aceh,11.73,5.165255725452153,97.11068016648125
KOTA LUBUK LINGGAU,781443.0,13,29923.076923076922,lubuk linggau,16.73,16,Kota Lubuk Linggau,Sumatera Selatan,16.73,-3.2630018671355945,102.87510965349607
KOTA MADIUN,319476.0,10,14450.0,madiun,35.19,35,Madiun,Jawa Timur,35.19,-7.623615892934244,111.64585875829627
KOTA MADIUN,319476.0,10,14450.0,madiun,35.77,35,Kota Madiun,Jawa Timur,35.77,-7.6294540613265,111.52726721364904
KOTA MAGELANG,226563.0,12,11666.666666666666,magelang,33.71,33,Kota Magelang,Jawa Tengah,33.71,-7.4765545104057125,110.22011139742136
KOTA MAGELANG,226563.0,12,11666.666666666666,magelang,33.08,33,Magelang,Jawa Tengah,33.08,-7.501736891109967,110.24721339288699
KOTA MAKASSAR,3369464.0,36,47130.555555555555,makassar,73.71,73,Kota Makassar,Sulawesi Selatan,73.71,-5.135610238808555,119.4638998193256
KOTA MALANG,8700557.0,60,23390.0,malang,35.07,35,Malang,Jawa Timur,35.07,-8.125914498560155,112.6409074124253
KOTA MALANG,8700557.0,60,23390.0,malang,35.73,35,Kota Malang,Jawa Timur,35.73,-7.978300291727217,112.63590685470416
KOTA MANADO,1490826.0,12,73275.0,manado,71.71,71,Kota Manado,Sulawesi Utara,71.71,1.524920888521502,124.84790009539402
KOTA MATARAM,6085126.0,14,48329.642857142855,mataram,52.71,52,Kota Mataram,Nusa Tenggara Barat,52.71,-8.590154382234527,116.11095859048294
KOTA MEDAN,5513488.0,87,35858.620689655174,medan,12.71,12,Kota Medan,Sumatera Utara,12.71,3.6290409245026023,98.66719592216495
KOTA METRO,346756.0,8,20125.0,metro,18.72,18,Kota Metro,Lampung,18.72,-5.1172951697225155,105.3079582789977
KOTA MOJOKERTO,98953.0,4,13500.0,mojokerto,35.16,35,Mojokerto,Jawa Timur,35.16,-7.550691753478534,112.48443825625331
KOTA MOJOKERTO,98953.0,4,13500.0,mojokerto,35.76,35,Kota Mojokerto,Jawa Timur,35.76,-7.471389237201706,112.43750790627276
KOTA PADANG,4098933.0,105,24547.628571428573,padang,13.71,13,Kota Padang,Sumatera Barat,13.71,-0.8988718499673032,100.43764367052391
KOTA PADANG SIDEMPUAN,17500.0,2,25750.0,padang sidempuan,12.77,12,Kota Padang Sidempuan,Sumatera Utara,12.77,1.390814978633883,99.2856939997518
KOTA PAGAR ALAM,234056.0,4,30050.0,pagar alam,16.72,16,Kota Pagar Alam,Sumatera Selatan,16.72,-4.117601764860108,103.2663871083492
KOTA PALEMBANG,25378904.0,289,31734.529411764706,palembang,16.71,16,Kota Palembang,Sumatera Selatan,16.71,-2.971717322847925,104.74132500384182
KOTA PALOPO,479596.0,7,36985.71428571428,palopo,73.73,73,Kota Palopo,Sulawesi Selatan,73.73,-2.979706948498607,120.14776633594485
KOTA PALU,135802.0,4,37400.0,palu,72.71,72,Kota Palu,Sulawesi Tengah,72.71,-0.836931813739612,119.91196584312789
KOTA PANGKAL PINANG,2071789.0,41,26894.951219512193,pangkal pinang,19.71,19,Kota Pangkal Pinang,Kepulauan Bangka Belitung,19.71,-2.1105131488291873,106.11321019907581
KOTA PARIAMAN,152160.0,4,27375.0,pariaman,13.77,13,Kota Pariaman,Sumatera Barat,13.77,-0.6085969536982037,100.13810074978439
KOTA PASURUAN,172900.0,11,14454.545454545454,pasuruan,35.75,35,Kota Pasuruan,Jawa Timur,35.75,-7.649572436724351,112.9100046421644
KOTA PASURUAN,172900.0,11,14454.545454545454,pasuruan,35.14,35,Pasuruan,Jawa Timur,35.14,-7.742430912509359,112.83184410169154
KOTA PAYAKUMBUH,618512.0,5,47080.0,payakumbuh,13.76,13,Kota Payakumbuh,Sumatera Barat,13.76,-0.22698536472399697,100.6321179697018
KOTA PEKALONGAN,6759732.0,29,41135.55172413793,pekalongan,33.75,33,Kota Pekalongan,Jawa Tengah,33.75,-6.89340868223896,109.67715508608772
KOTA PEKALONGAN,6759732.0,29,41135.55172413793,pekalongan,33.26,33,Pekalongan,Jawa Tengah,33.26,-7.057005515868323,109.62050061295855
KOTA PEKANBARU,3518868.0,97,25863.917525773195,pekanbaru,14.71,14,Kota Pekanbaru,Riau,14.71,0.5512765526735323,101.46572629459607
KOTA PONTIANAK,2376699.0,35,45105.71428571428,pontianak,61.71,61,Kota Pontianak,Kalimantan Barat,61.71,-0.025780638412396716,109.33169746904854
KOTA PRABUMULIH,430651.0,10,15460.0,prabumulih,16.74,16,Kota Prabumulih,Sumatera Selatan,16.74,-3.447960454741642,104.22887565637345
KOTA PROBOLINGGO,577980.0,12,29583.333333333332,probolinggo,35.74,35,Kota Probolinggo,Jawa Timur,35.74,-7.773810528649351,113.20546894160476
KOTA PROBOLINGGO,577980.0,12,29583.333333333332,probolinggo,35.13,35,Probolinggo,Jawa Timur,35.13,-7.866411109818226,113.32023406482635
KOTA SABANG,64096.0,1,22000.0,sabang,11.72,11,Kota Sabang,Aceh,11.72,5.83776067481267,95.30571981820891
KOTA SALATIGA,1245410.0,21,13095.238095238095,salatiga,33.73,33,Kota Salatiga,Jawa Tengah,33.73,-7.337677561583602,110.49837382371106
KOTA SAMARINDA,1812848.0,14,59415.142857142855,samarinda,64.72,64,Kota Samarinda,Kalimantan Timur,64.72,-0.5002797263828089,117.1770634540904
KOTA SEMARANG,6201783.0,145,16239.310344827587,semarang,33.22,33,Semarang,Jawa Tengah,33.22,-7.2708990936455935,110.47350771475793
KOTA SEMARANG,6201783.0,145,16239.310344827587,semarang,33.74,33,Kota Semarang,Jawa Tengah,33.74,-7.023898605371644,110.39152263164601
KOTA SERANG,7946327.0,161,11062.118012422361,serang,36.04,36,Serang,Banten,36.04,-6.14173811781962,106.14607560844507
KOTA SERANG,7946327.0,161,11062.118012422361,serang,36.73,36,Kota Serang,Banten,36.73,-6.123323587632104,106.166750570897
KOTA SIBOLGA,16900.0,2,43500.0,sibolga,12.73,12,Kota Sibolga,Sumatera Utara,12.73,1.7425497687494547,98.78930427529805
KOTA SINGKAWANG,748044.0,14,37864.28571428572,singkawang,61.72,61,Kota Singkawang,Kalimantan Barat,61.72,0.8866504290887525,109.03227743446354
KOTA SOLOK,49600.0,3,25466.666666666668,solok,13.72,13,Kota Solok,Sumatera Barat,13.72,-0.7828670008157551,100.62986603667574
KOTA SOLOK,49600.0,3,25466.666666666668,solok,13.02,13,Solok,Sumatera Barat,13.02,-0.9835702519764626,100.84128447570609
KOTA SORONG,145000.0,1,123000.0,sorong,92.71,92,Kota Sorong,Papua Barat Daya,92.71,-0.866623620420947,131.3178113664409
KOTA SORONG,145000.0,1,123000.0,sorong,92.01,92,Sorong,Papua Barat Daya,92.01,-1.1231159969992917,131.55668888947636
KOTA SUKABUMI,9349715.0,95,13807.38947368421,sukabumi,32.02,32,Sukabumi,Jawa Barat,32.02,-7.076318269660438,106.70756920024003
KOTA SUKABUMI,9349715.0,95,13807.38947368421,sukabumi,32.72,32,Kota Sukabumi,Jawa Barat,32.72,-6.939938819985031,106.92435699624795
KOTA SURABAYA,9578850.0,173,16954.913294797687,surabaya,35.78,35,Kota Surabaya,Jawa Timur,35.78,-7.274322819016461,112.723584124473
KOTA TANGERANG,36767795.0,872,13045.308486238531,tangerang,36.71,36,Kota Tangerang,Banten,36.71,-6.18437110906753,106.65199394460666
KOTA TANGERANG,36767795.0,872,13045.308486238531,tangerang,36.03,36,Tangerang,Banten,36.03,-6.1744645987129605,106.51892886778404
KOTA TANGERANG SELATAN,31149751.0,707,12462.868458274399,tangerang selatan,36.74,36,Kota Tangerang Selatan,Banten,36.74,-6.302120075984021,106.70738498598404
KOTA TANJUNG PINANG,492800.0,12,43533.416666666664,tanjung pinang,21.72,21,Kota Tanjung Pinang,Kepulauan Riau,21.72,0.9195814669956565,104.48706427375765
KOTA TARAKAN,652514.0,7,49300.0,tarakan,65.71,65,Kota Tarakan,Kalimantan Utara,65.71,3.3594054660999224,117.5995114561937
KOTA TASIKMALAYA,1791632.0,85,11902.35294117647,tasikmalaya,32.78,32,Kota Tasikmalaya,Jawa Barat,32.78,-7.3605265931451225,108.21912255643048
KOTA TASIKMALAYA,1791632.0,85,11902.35294117647,tasikmalaya,32.06,32,Tasikmalaya,Jawa Barat,32.06,-7.496735850654323,108.14156672107875
KOTA TEBING TINGGI,212665.0,4,44547.5,tebing tinggi,12.76,12,Kota Tebing Tinggi,Sumatera Utara,12.76,3.328269801903276,99.15603085463106
KOTA TEGAL,352414.0,16,15300.0,tegal,33.76,33,Kota Tegal,Jawa Tengah,33.76,-6.869174558926782,109.11574708742408
KOTA TEGAL,352414.0,16,15300.0,tegal,33.28,33,Tegal,Jawa Tengah,33.28,-7.028775498368181,109.15851536344728
KOTA TERNATE,383596.0,5,50660.0,ternate,82.71,82,Kota Ternate,Maluku Utara,82.71,0.8384805548401971,127.17252685944045
KOTA YOGYAKARTA,917409.0,18,16194.444444444445,yogyakarta,34.71,34,Kota Yogyakarta,Daerah Istimewa Yogyakarta,34.71,-7.803297519298703,110.37435793499371
